Mã đối tác,Tên đối tác
DT000050,HC
DT000072,LG
DT000019,179
DT000154,CDC
DT000022,DTL
DT000003,SGT
DT000073,ĐMX
DT000070,Grab
DT000414,Khởi
DT000250,A Huy
DT000410,A Lưu
DT000023,Nishu
DT000413,A Tỉnh
DT000001,Anh Ba
DT000131,Anh Tú
DT000245,E Bằng
DT000117,NCC lẻ
DT000112,Nhà xe
DT000051,Umbala
DT000412,A Giang
DT000411,A Phong
DT000422,Ahamove
DT000130,Anh Thế
DT000111,Anh Thể
DT000142,Anh Thọ
DT000052,anh Tấn
DT000031,Anh Đại
DT000027,Bếp Đức
DT000010,Chú Gia
DT000171,DOROSIN
DT000060,Gia Hân
DT000064,Kinh Đô
DT000054,Anh Hiếu
DT000453,Anh Minh
DT000009,Anh Mạnh
DT000126,Anh Ninh
DT000053,Anh Tiệp
DT000015,Anh Tuấn
DT000014,Anh Vịnh
DT000049,Anh Định
DT000696,Hưng Kho
DT000002,Lalamove
DT000038,Long Anh
DT000008,Minh Lộc
DT000084,Nhất Tín
DT000240,SHIP THỌ
DT000409,Thuê ĐMX
DT000080,Tín Phát
DT000024,Đất Việt
DT000451,Anh Chính
DT000063,Anh Khánh
DT000452,Anh Trung
DT000098,Chú Cường
DT000181,Dũng GHLĐ
DT000026,Green Air
DT000028,Hiếu Linh
DT000029,Homematic
DT000007,Khang Anh
DT000099,Minh Ngọc
DT000192,Nhi sales
DT000025,Nhân Việt
DT000198,Sale Hưng
DT000191,Sales Đạt
DT000332,Đại + Huy
DT000239,A Tú + Đại
DT000042,Anh Nghiêm
DT000013,Anh Trường
DT000390,Huy + GHTK
DT000297,Huy + Tỉnh
DT000274,Huy + Đoan
DT000224,Hưng sales
DT000118,Hưng Thịnh
DT000247,Khởi + Huy
DT000219,Khởi + NCC
DT000200,Khởi + Thọ
DT000232,Khởi + Đại
NCC + Khởi,NCC + Khởi
DT000120,Nguyễn Kim
DT000169,Sales Kiên
DT000075,Ship ngoài
DT000036,Thông Linh
DT000158,Thọ + Tiệp
DT000394,Tỉnh + NCC
DT000321,Tỉnh + Đại
DT000311,Đoan + Huy
DT000400,Đoan + NCC
DT000256,Đại + Bằng
DT000329,Đại + Khởi
DT000225,Đại + Đoan
DT000271,A Huy + NCC
DT000333,A Lưu + Huy
DT000370,A Lưu + NCC
DT000194,A Tú + Khởi
DT000006,Anh Sơn già
DT000011,Anh Sơn trẻ
DT000135,Anh Văn Anh
DT000335,Bằng + Khởi
DT000287,Bằng + Tỉnh
DT000572,Chính + NCC
DT000067,Huyền Trang
DT000391,Khởi + GHTK
DT000283,Khởi + Tỉnh
DT000289,Khởi + Đoan
DT000047,Minh Phương
DT000021,Perfecthome
DT000421,Sỹ điều hoà
DT000033,Tuấn Anh HD
DT000316,Tỉnh + Đoan
DT000399,Đoan + GHTK
DT000440,Đoan + Minh
DT000364,Đoan + Tỉnh
DT000365,Đoan + Tỉnh
DT000279,A Lưu + Bằng
DT000367,A Lưu + Tỉnh
DT000115,Anh Mạnh SGT
DT000177,Anh Tú + Thọ
DT000570,Khanh + Khởi
DT000595,Khanh + Tỉnh
DT000290,Khởi + A Lưu
DT000477,Khởi + Chính
DT000583,Khởi + Khanh
DT000470,Khởi + Trung
DT000460,Minh + Trung
DT000262,NCC + Anh Tú
DT000416,Phong + Tỉnh
DT000071,SGT + Nhà xe
DT000481,Trung + Tỉnh
DT000450,Tỉnh + Trung
DT000094,ĐMX + Nhà xe
DT000472,Đoan + Chính
DT000585,Đoan + Khanh
DT000502,Đoan + Trung
DT000360,A Lưu + A Đại
DT000361,A Lưu + A Đại
DT000387,A Phong + Đại
DT000193,A Tuấn + A Tú
DT000267,A Tuấn + Tỉnh
DT000228,A Tuấn + Đoan
DT000252,A Tú + A Bằng
DT000203,A Tú điều hoà
DT000350,Anh Lưu + Đại
DT000185,Anh Tú + Tiệp
DT000454,Chính + Trung
DT000612,Khanh + Chính
DT000553,Khanh + Trung
DT000199,Khởi + A Tuấn
DT000189,Khởi giao vận
DT000233,Lalamove Ngọc
DT000433,Minh Giao vận
DT000434,Minh Giao vận
DT000020,Ngân giá treo
DT000327,sale Việt Anh
DT000141,Thọ + Văn Anh
DT000208,Toàn điều hoà
DT000528,Trung + Khanh
DT000398,Việt Điều Hòa
DT000702,Vịnh điều hòa
DT000165,Xe tải a Duẩn
DT000212,Đoan giao vận
DT000396,A Giang + GHTK
DT000436,A Giang + Khởi
DT000223,A Giang + Đoan
DT000377,A Huy + A Tỉnh
DT000253,A Lưu giao vận
DT000395,A Phong + GHTK
DT000379,A Phong + Khởi
DT000374,A Phong + Tỉnh
DT000363,A Phong + Đoan
DT000258,A Tuấn + A Lưu
DT000214,A Đại giao vận
DT000562,Anh Lưu + Khởi
DT000303,Anh Lưu + Tỉnh
DT000319,Anh Lưu + Đoan
DT000057,Anh Trà ba gác
DT000288,Anh Tuấn + Huy
DT000441,Chính giao vận
DT000341,Huy + Nhất Tín
DT000511,Khanh Giao Vận
DT000210,Khởi + A Giang
DT000012,Kỹ sư điện máy
DT000097,NPP Hưng Thịnh
DT000149,Sales Tuấn Anh
DT000443,Trung giao vận
DT000222,Tuấn Anh Sales
DT000556,Tâm + Nhất Tín
DT000217,Đại + Lalamove
DT000337,Đại + Nhất Tín
DT000259,A Giang + A Lưu
DT000468,A Giang + Chính
DT000418,A Hưng lalamove
DT000202,A Khởi điều hoà
DT000343,A Lưu + A Phong
DT000255,A Lưu +lalamove
DT000254,A Tỉnh giao vận
DT000170,Anh Duẩn xe tải
DT000449,Anh Lưu + Chính
DT000603,Anh Lưu + Khanh
DT000457,Anh Lưu + Trung
DT000373,Anh Tuấn + Bằng
DT000266,Bằng + Lalamove
DT000334,Bằng + Nhất Tín
DT000005,Chú Thức ba gác
DT000190,Khởi + lalamove
DT000339,Khởi + Nhất Tín
DT000213,Lalamove + Đoan
DT000243,Lalamove A Ngọc
DT000446,Minh + Lalamove
DT000455,Minh + Nhất Tín
DT000134,Ship Thọ xe máy
DT000401,Tỉnh + Nhất Tín
DT000132,Xe ghép đi tỉnh
DT000221,Đoan + lalamove
DT000425,Đoan + Nhất Tín
DT000209,A Giang giao vận
DT000265,A Huy + lalamove
DT000326,A Huy + Nhất Tín
DT000346,A Phong giao vận
DT000227,A Tuấn + A Giang
DT000362,A Tuấn + A Phong
DT000304,Anh Giang + Tỉnh
DT000393,Anh Thư Điều Hòa
DT000040,Anh Đại + Nhà xe
DT000442,Chính + Lalamove
DT000574,Chính + Nhất tín
DT000547,Công Minh + Tỉnh
DT000516,Khanh + Lalamove
DT000611,Khởi + Công Minh
DT000045,Nhà xe Ninh Bình
DT000456,Trung + Lalamove
DT000484,Trung + Nhất Tín
DT000503,Tỉnh + Công Minh
DT000196,Điện máy chợ lớn
DT000496,Đoan + Công Minh
DT000268,A Bằng + lalamove
DT000386,A Lưu + Huy + NCC
DT000310,A Tuấn + Nhất Tín
DT000261,A Tỉnh + lalamove
DT000582,Anh Giang + Khanh
DT000586,Anh Giang + Trung
DT000554,Anh Phong + Chính
DT000576,Anh Phong + Khanh
DT000475,Anh Phong + Trung
DT000059,Anh Tiệp + Nhà xe
DT000062,Anh Tiệp - sẽ xóa
DT000046,Anh Tuấn + Nhà xe
DT000205,Anh Tú Ship ngoài
DT000483,Chính + Công Minh
DT000048,Chú Thức + Anh Ba
DT000559,Khanh + Công Minh
DT000133,Khách qua kho bốc
DT000518,Khởi + Quang Minh
DT000698,Khởi + Tâm lái xe
DT000522,Khởi + xe tải SGT
DT000004,Lalamove + Anh Ba
DT000137,Lalamove + Anh Tú
DT000128,Lalamove + Nhà xe
DT000234,Lalamove Anh Hưng
DT000043,Lái Xe Trung Xuân
DT000548,Trung + Công Minh
DT000544,Tỉnh + Quang Minh
DT000497,Đoan + Quang Minh
DT000211,A Giang + lalamove
DT000428,A Giang + Nhất Tín
DT000340,a Hưng sale + lala
DT000469,A Lưu + Quang Minh
DT000353,A Phong + Lalamove
DT000371,A Phong + Nhất tín
DT000186,A Tuấn + A Văn Anh
DT000705,Anh Lưu + Nhất Tín
DT000096,Anh Thế Anh ba gác
DT000109,Anh Trung Điều Hòa
DT000039,Anh Tuấn + Anh Đại
DT000504,Chính + Quang Minh
DT000529,Chính + Xe tải SGT
DT000491,Công Minh giao vận
DT000590,Khanh + Quang Minh
DT000605,Khanh + Tâm xe tải
DT000534,Khanh + Xe tải SGT
DT000144,Lalamove + Anh Thọ
DT000037,Lalamove + Anh Đại
DT000309,Lalamove Anh Cường
DT000044,Nguyễn Hoàng BOSCH
DT000610,Quang Minh + Chính
DT000474,Quang Minh + Trung
DT000069,Việt Hải Thanh Oai
DT000600,Đạt kho +  Lalamove
DT000487,Anh Lưu + Công Minh
DT000488,Anh Lưu + Công Minh
DT000061,Anh Tiệp + Đất Việt
DT000058,Anh Tuấn + Anh Tiệp
DT000375,anh Tuấn + Nhất Tín
DT000017,Chú Thức + Anh Tuấn
DT000607,Khanh + Trung + NCC
Lalamove + anh Dũng,Lalamove + anh Dũng
DT000055,Lalamove + Anh Tiệp
DT000016,Lalamove + Anh Tuấn
DT000461,Quang Minh giao vận
DT000523,Tâm Giao Vận xe tải
DT000077,Anh Tiệp + xe ba gác
DT000076,Anh Tuấn + xe ba gác
DT000495,Công Minh + Lalamove
DT000492,Công Minh + Nhất Tín
DT000078,Lalamove + Anh Khánh
DT000093,Lalamove + Anh Khánh
DT000437,Ship Tú - Thuê Ngoài
DT000201,Tú + Khởi + lalamove
DT000318,Đại + Huy + Lalamove
DT000218,A Tú + Đại + lalamove
DT000467,Anh Giang + Công Minh
DT000293,Anh Lưu + Bằng + Khởi
DT000482,Anh Phong + Anh Giang
DT000508,Anh Phong + Công Minh
DT000068,Anh Tiệp + xe cắt nóc
DT000296,Anh Trường + Lalamove
DT000066,Anh Tuấn + xe cắt nóc
DT000276,Bằng + Huy + Lalamove
DT000030,Chú Thức + Anh Trường
DT000298,Huy + Tỉnh + Lalamove
DT000249,Khởi + Huy + lalamove
DT000389,Khởi + Lưu + Lalamove
DT000281,Khởi + Tỉnh + Lalmove
DT000229,Khởi + Đại + lalamove
DT000110,Lalamove + Anh Nghiêm
DT000129,Lalamove + Anh Trường
DT000018,Nguyễn Kim + Anh Tuấn
DT000466,Quang Minh + Lalamove
DT000465,Quang Minh + Nhất Tín
DT000703,Tâm + Xe ghép đi tỉnh
DT000540,Tâm lái xe + Lalamove
DT000427,Tỉnh + Khởi + Lalmove
DT000323,Tỉnh + Đại + lalamove
DT000032,Viettel Post/GHN/GHTK
DT000164,xe tải anh Duẩn + Thọ
DT000313,Đoan + Huy + Lalamove
DT000314,Đoan + Huy + Lalamove
DT000563,Đoan + Tâm lái xe tải
DT000564,Đoan + Tâm lái xe tải
DT000257,ĐẠI + BẰNG + LALAMOVE
DT000226,Đại + Đoan + lalamove
DT000382,A Lưu + Huy + Lalamove
DT000538,A Lưu + Tâm lái xe tải
DT000338,A Lưu + Đại + Lalamove
DT000500,Anh Giang + Quang Minh
DT000489,Anh Phong + Quang Minh
DT000568,Anh Phong + Tâm lái xe
DT000155,Anh Thế Anh + Anh Tuấn
DT000123,Anh Tiệp + Anh Sơn già
DT000380,Bằng + Khởi + Lalamove
DT000381,Bằng + Khởi + Lalamove
DT000295,Bằng + Tỉnh + Lalamove
DT000693,Chính + Huy + Lalamove
DT000536,Chính + Tâm lái xe tải
DT000561,Công Minh + Quang Minh
DT000521,Công Minh + Xe tải SGT
DT000113,Green Air + Anh Nghiêm
DT000204,Khởi + Xe ghép đi tỉnh
DT000238,Khởi + xe ghép đi tỉnh
DT000251,Khởi + Đoan + lalamove
DT000090,Lalamove + Anh Sơn già
DT000235,Lalamove + Anh Sơn Trẻ
DT000140,Lalamove + Anh Văn Anh
DT000486,Quang Minh + Công Minh
DT000575,Trung + Tâm lái xe tải
DT000269,Tỉnh + xe ghép đi tỉnh
DT000163,xe tải anh Duẩn + Tiệp
DT000444,Đoan + Minh + Lalamove
DT000302,Đoan + Tỉnh + Lalamove
DT000242,Đoan + Xe ghép đi tỉnh
DT000273,A Huy + xe ghép đi tỉnh
DT000278,A Lưu + Bằng + Lalamove
DT000431,A Lưu + Khởi + Lalamove
DT000306,A Lưu + Tỉnh + Lalamove
DT000284,A Lưu + Xe ghép đi tỉnh
DT000325,A Lưu + Đoan + Lalamove
DT000248,A Tuấn + Huy + Lalamove
DT000136,Anh Hưởng Sevilla - NCC
DT000535,Anh Lưu + Khanh + Chính
DT000315,Anh Tú + Đại + Lalamove
DT000463,Chính + Minh + Lalamove
DT000458,Chính + Tỉnh + Lalamove
DT000565,Khanh + Khởi + Lalamove
DT000545,Khanh + Tỉnh + Lalamove
DT000609,Khanh + xe ghép đi tỉnh
DT000494,Khởi + Chính + Lalamove
DT000507,Khởi + Trung + lalamove
DT000116,Lalamove + Anh Mạnh SGT
DT000608,Trung + Tỉnh + Lalamove
DT000566,Trung + xe ghép đi tỉnh
DT000567,Trung + xe ghép đi tỉnh
DT000520,Đoan + Khanh + Lalamove
DT000479,Đoan + Trung + Lalamove
DT000220,A Giang + A Tú + lalmove
DT000336,A Giang + Đại + Lalamove
DT000476,A Lưu + Trung + Lalamove
DT000356,A Phong + Huy + Lalamove
DT000354,A Tuấn + Bằng + Lalamove
DT000270,A Tuấn + Tỉnh + lalamove
DT000230,A Tuấn + Đoan + lalamove
DT000246,a Tú + a Bằng + lalamove
DT000264,A Tú + A Tỉnh + Lalamove
DT000330,A Tỉnh + Xe ghép đi tỉnh
DT000473,Anh Lưu + A Phong + Đoan
DT000312,Anh Lưu + Đại + Lalamove
DT000197,Anh Tú + Khởi + Lalamove
DT000317,Anh Tú + xe ghép đi tỉnh
DT000294,Anh Tú + Đoan + Lalamove
DT000594,Khanh + Chính + Lalamove
DT000157,Lalamove + sale Tuấn Anh
DT000151,Lalamove + Thọ + Văn Anh
DT000179,NCC giao thẳng cho khách
DT000517,Trung + Khanh + Lalamove
DT000385,Tỉnh + Khách qua kho bốc
DT000161,xe tải anh Duẩn + anh Tú
DT000555,Đoan + Tỉnh + Quang Minh
DT000368,A Giang + Bằng + Lalamove
DT000231,A Giang + Khởi + lalamove
DT000417,A Giang + Tỉnh + Lalamove
DT000378,A Giang + xe ghép đi tỉnh
DT000404,A Giang + Đoan + Lalamove
DT000376,A Lưu + A Bằng + Lalamove
DT000351,A Phong + Bằng + Lalamove
DT000429,A Phong + Khởi + Lalamove
DT000402,A Phong + Tỉnh + Lalamove
DT000403,A Phong + Tỉnh + Lalamove
DT000420,A Phong + Xe ghép đi tỉnh
DT000352,A Phong + Đoan + Lalamove
DT000215,A Tuấn + A Đại + lalamove
DT000397,Anh Giang + Nhà xe Hà Lan
DT000320,Anh Lưu + Khởi + Lalamove
DT000445,Anh Lưu + Minh + Lalamove
DT000122,Anh Trà ba gác + Anh Tuấn
DT000244,Anh Đại + Xe ghép đi tỉnh
DT000543,Khanh + Trung + Công Minh
DT000188,Lalamove + Anh Tuấn + Thọ
DT000435,Đoan + a Phong + lalamove
DT000260,A Giang + A Lưu + Lalamove
DT000478,A Giang + Chính + Lalamove
DT000349,A Lưu + A Phong + Lalamove
DT000480,A Phong + Chính + Lalamove
DT000282,A Đoan + A Bằng + Lalamove
DT000331,Anh Giang + Huy + Lalamove
DT000539,Anh Giang + Tâm lái xe Tải
DT000447,Anh Lưu  + Chính + Lalamove
DT000514,Anh Lưu + Chính + Lalamove
DT000591,Anh Lưu + Khanh + Lalamove
DT000438,Anh Lưu + Thắng + Lalamove
DT000459,Anh Lưu + Trung + Lalamove
DT000342,Anh Tuấn + Khởi + Lalamove
DT000176,Anh Tuấn + Xe Ghép đi tỉnh
DT000546,Khanh + Chính + Tâm xe tải
DT000125,Lalamove + Anh Tuấn + Tiệp
DT000524,Tỉnh + Tâm giao vận xe tải
DT000599,Việt Anh + xe ghép đi tỉnh
DT000167,Xe tải a Duẩn + Anh Trường
DT000160,xe tải anh Duẩn + anh Tuấn
DT000166,Xe tải Anh Duẩn + Thọ+Tiệp
DT000285,A Giang + A Tuấn + lalamove
DT000216,A Giang + A Đoan + lalamove
DT000366,A Khởi + A Phong + Lalamove
DT000307,A Tuấn + A Giang + lalamove
DT000156,A Tuấn + Văn Anh + Lalamove
DT000305,Anh Giang + Tỉnh + Lalamove
DT000241,Anh Giang + xe ghép đi tỉnh
DT000168,Anh Thế Anh ba gác + Anh Tú
DT000506,Chính + Tỉnh + Trung + Khởi
DT000691,Công Minh + Xe ghép đi tỉnh
DT000513,Khởi + Công Minh + Lalamove
DT000537,Quang Minh + Tâm lái xe tải
DT000490,Đoan + Công Minh + Lalamove
DT000424,A Phong + A Giang + Lalamove
DT000510,Anh Giang + Khanh + Lalamove
DT000448,Anh Giang + Trung + Lalamove
DT000597,Anh Phong + Trung + Lalamove
DT000119,Anh Trà ba gác + Anh Sơn già
DT000173,Anh Tuấn  + Anh Tú + Lalamove
DT000358,Khởi + Huy + Bằng + Lalamove
DT000207,Lalamove + anh Tú ship ngoài
DT000432,Lalamove anh Hưng + Nhất Tín
DT000571,Quang Minh + Tỉnh + Lalamove
DT000593,Quang Minh + xe ghép đi tỉnh
DT000700,Tâm giao vận + Việt điều hòa
DT000263,Xe ghép đi tỉnh + Anh Lưu GV
DT000485,Đoan + Quang Minh + Lalamove
DT000694,Đoan + Tỉnh + Tâm xe tải SGT
DT000291,A Lưu + A Giang + Bằng + Khởi
DT000355,A Lưu + Đại + Tỉnh + Lalamove
DT000180,A Tuấn + Tiệp + A Tú + A Dũng
DT000525,Anh Giang + Khởi + Xe Tải SGT
DT000108,Anh Tiệp + anh Trung Điều Hòa
DT000034,Anh Tuấn + Anh Đại + Lalamove
DT000501,Chính + Công Minh + Lalalmove
DT000512,Chính + Quang Minh + lalamove
DT000100,Chú Thức + anh Trung Điều Hòa
DT000569,Khanh + Quang Minh + Lalamove
DT000159,Lalamove + Anh Thọ + Anh Tiệp
DT000462,Quang Minh + Chính + Lalamove
DT000578,Quang Minh + Trung + Lalamove
DT000704,Tỉnh giao vận + Vịnh điều hòa
DT000162,xe tải anh Duẩn + anh Văn Anh
DT000581,Đoan + Chính + Tâm lái xe tải
DT000557,Đoan + Khanh + Tâm lái xe tải
DT000172,A Tuấn + A Thọ + A Duẩn xe tải
DT000359,A Tuấn + Huy + Đoan + Lalamove
DT000701,Anh Lưu + Anh Giang + Lalamove
DT000498,Anh Lưu + Công Minh + Lalamove
DT000056,Anh Tuấn + Anh Tiệp + Lalamove
DT000526,Chính + Công Minh + xe tải SGT
DT000419,Xe ghép đi tỉnh + thuê ĐMX lắp
DT000464,A Lưu + Khởi + Trung + Lalamove
DT000357,A Tuấn + A Lưu + Huy + Lalamove
DT000493,Anh Lưu + Quang Minh + Lalamove
DT000345,Anh Lưu + Đại + Bằng + Lalamove
DT000299,Anh Lưu + Đại + Đoan + Lalamove
DT000695,Anh Phong + Anh Lưu + Công Minh
DT000388,Anh Tuấn + Anh Phong + Lalamove
DT000065,Anh Tuấn + Chú Thức + Anh Khánh
DT000183,Anh Tuấn + Dũng GHLĐ + Lalamove
DT000148,Lalamove + Anh Tú + Anh Văn Anh
DT000423,Anh Giang + Anh Phong + lalamove
DT000530,Anh Giang + Công Minh + Lalamove
DT000579,Anh Lưu + Chính + Tâm lái xe tải
DT000531,Anh Phong + Công Minh + Lalamove
DT000533,Anh Phong + Công Minh + Lalamove
DT000206,Lalamove + Thọ + anh Tuấn + Khởi
DT000589,Quang Minh + Hưng kho + Lalamove
DT000584,Tâm lái xe tải + xe ghép đi tỉnh
DT000280,A Lưu + A Giang + Bằng + Lalamove
DT000286,A Lưu +  A Giang + Khởi + Lalamove
DT000344,A Tuấn + A Khởi+ a Lưu + lalamove
DT000301,A Tuấn + Tỉnh + A Đoan + lalamove
DT000515,Anh Giang + Quang Minh + Lalamove
DT000692,Anh Phong + Quang Minh + Lalamove
DT000604,Công Minh + Quang Minh + Lalamove
DT000139,Lalamove + Anh Tiệp + Anh Văn Anh
DT000577,Quang Minh + Huy + Tâm lái xe tải
DT000322,Đoan + Lalamove + Xe ghép đi tỉnh
DT000580,Anh Phong + Quang Minh + Công Minh
DT000308,Anh Tú + Anh Lưu + Đoan + Lalamove
DT000588,Anh Lưu + Khởi + Khanh + Tỉnh + NCC
DT000560,Anh Phong + Quang Minh + Tâm lái xe
DT000092,Nguyễn Hoàng Bosch + NPP Hưng Thịnh
DT000035,Nhà Xe Thành Thắng HN-HP + Anh Tuấn
DT000596,Anh Phong + Đoan + Quang Minh + Chính
DT000699,Anh Lưu + Khanh + Quang Minh + Lalamove
DT000272,A Tuấn + A Giang + Khởi + Huy + Lalamove
DT000592,Anh Phong + Đoan + Quang Minh + Công Minh
DT000697,Anh Phong + Anh Giang + Chính + Tâm + Lalamove
DT000519,Anh Lưu + Tỉnh + Trung + Công Minh + Quang Minh
DT000542,Công Minh + Quang Minh + Trung + Tâm lái xe tải
