Mã nhà cung cấp,Tên nhà cung cấp
0105690657,HC
NCC000045,MI
0109502304,179
A2T,A2T
NCC000131,AHB
CDC,CDC
0109485313,DTL
NCC000076,FPT
CATA,CATA
PICO,PICO
Ship,Ship
NCC000134,ĐMMB
0101889138,FujiE
0101161194,Hacom
MEDIA,Media
0105928003,Nishu
SUNNY,SUNNY
Buchen,Buchen
0109732227,Cadima
NCC000060,GILLER
LAZADA,LAZADA
NCC000127,MyHome
Mỹ Lan,Mỹ Lan
NCC000120,O-TECH
PROBUY,Probuy
0200591141-003,Samnec
Shopee,Shopee
Sosavo,Sosavo
TAHOME,TAHOME
Umbala,Umbala
0101096322,Vinadu
0110023151,An Phát
AN VIỆT,AN VIỆT
NCC000073,Anh Lâm
NCC000071,Anh Đức
Bẩy Lợi,Bẩy Lợi
0302309845­-058,Chợ Lớn
DOROSIN,DOROSIN
GIA HUY,GIA HUY
4601607029,Gia Hân
NCC000058,HARISON
HANHLG,Hạnh LG
Kaijisu,Kaijisu
NCC000042,Kaijisu
0109486821,Kinh Đô
LG,LG hãng
Lê Minh,Lê Minh
0108665313,NAM SƠN
NPPSPC,NPP SPC
NCC000078,QUẠT CN
SAMSUNG,Samsung
0106236615,Vũ Linh
NCC000119,Đại lợi
AMARE,Amare VN
NCC000065,Anh Dũng
Anh Quân,anh Quân
Blustone,Blustone
NCC000135,Bảo Minh
0106433331,Bảo Uyên
CHEFZONE,CHEFZONE
0901050711,CƯỜNG TƯ
Fuji Air,Fuji Air
Gia Hưng,Gia Hưng
0104539300,Hanomech
HIEUHUY,Hiếu Huy
NCC000102,Hải Đăng
NCC000110,HỢP LONG
0105184989,Long Anh
NCC000077,LƯƠNG BÉ
MIG,MIG Home
0109185398,Minh Lộc
Minh Tân,Minh Tân
NCC01,NCCTEST1
NGATUAN,NGA TUẤN
Ngọc Ánh,Ngọc Ánh
0101548508,Nhất Tín
0309413027,Phú Danh
Phú lộc,Phúc Lộc
NCC000113,Quỳnh LG
Thế Hằng,Thế Hằng
TRANNAM,Trần Nam
Tân Thủy,Tân Thủy
0108753753,Tín Phát
0101325854,Việt Hàn
0100367812,Việt Hải
Văn Quân,Văn Quân
0107991339,Đất Việt
0108088200,Đức Kiên
Bích Ngọc,Bích Ngọc
0104406974,Chí Cường
DUNGLINH,DŨNG LINH
Faster,Faster VN
0108011247,Green Air
Hiếu Linh,Hiếu Linh
NCC000070,Hiền Sinh
Homematic,Homematic
Hoàn Kiếm,Hoàn Kiếm
0101301613,Hoàng Hải
Hào Quang,Hào Quang
Hương Anh,Hương Anh
0105517243,Khang Anh
NCC000074,LOAN THÚY
MINHDUNG,MINH DŨNG
NCC000147,Minh Hưng
0105798682,Minh Ngọc
NCC000117,Mạnh Tiến
NCCRIENG,NCC riêng
0106572744,Nhân Việt
NCC000143,Quang Lục
NCC000098,Quyết Anh
Quốc Hưng,Quốc Hưng
THIM ĐOÀN,THIM ĐOÀN
NCC000142,Trí Thành
TRỌNG TÍN,TRỌNG TÍN
NCC000061,Tuấn Tuty
0108075931,VIỆT HƯNG
NCC000072,Việt Phát
NCC000095,Xuân Minh
ĐỨC THỊNH,ĐỨC THỊNH
NCC000152,Anh Tín LG
Cường Phát,Cường Phát
HOANGPHAT,HOÀNG PHÁT
NCC000063,Hoàng Vinh
Hương Thuỷ,Hương Thuỷ
NCC000103,KHANG VIỆT
NCC000080,MINH BOSCH
NCC000064,MẠNH QUANG
NCC000069,Quang Dũng
NCC000107,Quang Hạnh
Thành Cata,Thành Cata
Thành Luân,Thành Luân
THANHPHAT,THÀNH PHÁT
0110519503,Thông Linh
0110242876,Thăng Long
4601590819,Trung Xuân
VIETHOANG,Việt Hoàng
NCC000101,BOSCH HUYỀN
COQUOCANH,CƠ QUỐC ANH
0109962502,Gigadigital
HOANGVUONG,HOÀNG VƯƠNG
Huyền Trang,Huyền Trang
NCC000145,Hãng CASPER
Hùng Nguyễn,Hùng Nguyễn
0107004536,Minh Phương
0107985222,Perfecthome
Komasu,Quạt Komasu
Thiều Bosch,Thiều Bosch
0109957453,Tuấn Anh HD
DIENMAY88,Điện máy 88
DIENMAYHT,ĐIỆN MÁY HT
NCC000104,Anh Đức KCMG
CUONGHAFELE,CƯỜNG HAFELE
NCC000128,HIỂN HITACHI
Khánh Trường,Khánh Trường
KITCHENHOMES,KITCHENHOMES
HAILINH,NCC Hải Linh
0101446129,Nguyệt Trang
NCC000112,NGÂN PHILIPS
NCC000066,THẮNG BENZEN
Tâm Thật Tâm,Tâm Thật Tâm
Tưởng Đền Lừ,Tưởng Đền Lừ
NCC000092,Điện máy ECC
Điện máy Eco,Điện máy Eco
ĐIỆN MÁY KHO,ĐIỆN MÁY KHO
ĐIỆN MÁY THC,ĐIỆN MÁY THC
0107096103,anh Chiểu Ela
NCC000088,Huân Hoài Đức
Linco Philips,Linco Philips
Ngân giá treo,Ngân giá treo
0107721082,Phúc Song Kim
Tuyết Tây Trà,Tuyết Tây Trà
ĐMX Thạch Bàn,ĐMX Thạch Bàn
BPS,Công ty BPS VN
Gia dụng SUPPO,Gia dụng SUPPO
NCC000108,Hitachi (hãng)
0109111685,Kỹ sư điện máy
NCC000122,Lioa Nhật Linh
Lượng sunhouse,Lượng sunhouse
Minh Trí Thành,Minh Trí Thành
0108613033,NPP Hưng Thịnh
Thảo Nguyên HD,Thảo Nguyên HD
Thắng Long Anh,Thắng Long Anh
TRUNGDIEUHOA,TRUNG ĐIỀU HÒA
NCC000129,Đại Quang Minh
NCC000118,Anh Ngọc Alaska
NCC000148,Cao Lực Eurosun
NCC000056,GIANG HOÀNG ĐỨC
NCC000081,HOÀNG ĐỨC - ĐMX
NCC000105,NCC lẻ  - Linco
THUANBACGIANG,THUẬN BẮC GIANG
NCC000055,Tuấn (Nam Định)
XETAI,Xe tải Anh Duẩn
NCC000111,Điện máy An Phú
ĐMHN,Điện máy Hà nội
SYDH,Đội Sỹ Điều hòa
NCC000136,Chị Oanh Hatsu-K
HUNGPHATDAIKIN,Hùng Phát Daikin
NCCLELANANH,NCC LẺ - LAN ANH
NGOCNGUYENCHAU,Ngọc Nguyên Châu
Sevilla,Anh Hưởng Sevilla
Chiến TN,Chiến Thái Nguyên
LINHANH,Gia dụng Linh Anh
Gia dụng Sunhouse,Gia dụng Sunhouse
GIADUNGTUANANH,GIA DỤNG TUẤN ANH
NCC000121,Hoàng Long (HDMI)
0109317132,TECHZONE - UGREEN
TRIỆU HÀO SAMSUNG,TRIỆU HÀO SAMSUNG
NCC000151,Điên máy Như Thảo
NCC000137,Điện lạnh Anh Thư
GIAVIET,Điện máy Gia Việt
ĐM Hùng Anh,Điện máy Hùng Anh
NCC000096,Điện máy Ngọc Sơn
NCC000099,Điện máy Nhà Việt
NCC000124,Điện máy Thiên Hà
NCC000141,Đội Việt Điều hòa
TIENNGOC,Gia Dụng Tiến Ngọc
NCC000091,Kangaroo Minh Khai
Kenhbuongiadung,Kênh Buôn Gia Dụng
Nguyễn Hoàng Bosch,Nguyễn Hoàng Bosch
NCC000114,Nguyễn Kim - A Huy
NCC000115,Ngọc Nguyên ( chợ)
NCC000132,Thanh Tùng SamSung
0110214251,Việt Hải Thanh Oai
NCC000144,Điện Lạnh Nam Đồng
NCC000125,Điện lạnh Toàn Cầu
NCC000133,Điện lạnh Việt Anh
NCC000150,Điện máy Hoàng Gia
Điện máy Minh Hiếu,Điện máy Minh Hiếu
Điện máy Minh Quân,Điện máy Minh Quân
NCC000083,Hùng Phát - Tủ đông
HANHLINHTHAIBINH,HẠNH LINH THÁI BÌNH
NCC000140,Nguyễn Kim - Anh Hà
NCC000109,Nguyễn Tân Sunhouse
NGOCMRB,Ngọc Mrb (Gia dụng)
Hưng Thịnh,Điện máy Hưng Thịnh
NCC000100,Điện máy Minh Khang
QUANG CẢNH,ĐIỆN MÁY QUANG CẢNH
Quang Thủy,Điện máy Quang Thuỷ
NCC000130,Điện máy Thành Công
Điện máy Tiên Phong,Điện máy Tiên Phong
0900512000,Điện máy Tuấn Ngoan
NCC000085,Điện máy xanh (new)
NCC000075,Anh Hải NB Panasonic
NCC000089,LG - ELECTRONIC HÃNG
NCC lẻ 440 Bạch Đằng,NCC lẻ 440 Bạch Đằng
NCC000086,Ngọc Thái Bình - Loa
Tuấn Anh Thái Nguyên,Tuấn Anh Thái Nguyên
NCC000139,Điện lạnh Thịnh Phát
NCC000123,Điện máy Chung Trang
NHUNGTHANG,Điện Máy Nhung Thắng
NCC000106,Điện máy Quốc Nguyên
0106300067,Anh Cường - Ngọc Minh
NCC000068,ANH THẮNG MÁY HÚT MÙI
OSM,CT CP TM OSM Viet Nam
NCC000146,Daikin VietNam - Hãng
NCC000138,Lê Gia Group Gia Dụng
0109194057,Thịnh Phát (Gia dụng)
1000337132,Ánh Chinh - Thái Bình
NCC000067,CHỊ ÁNH QUẠT PANASONIC
0316512614,Công ty Cổ phần Kosmen
KOMEX,GIA DỤNG XIAOMI (KOMEX)
TGDĐ,Thế giới di động - TGDĐ
TRUNGNGHIA,Trung Nghĩa Thái Nguyên
NCC000126,Điện lạnh Tân Nhật Minh
DIENMAYVIET,Điện máy Việt (Lan Anh)
0110252401,CÔNG TY CỔ PHẦN SAL SALA
0302286281-027,Nguyễn Kim - Nguyễn Trãi
Canzy,Công ty CP Canzy Việt Nam
Hùng Nguyễn Kim Tràng Thi,Hùng Nguyễn Kim Tràng Thi
KitchenBosch,Kitchen Bosch - Nhật Minh
NCC000093,Test tao NCC de nhap hang
Thiết bị Điện Tử Việt Nam,Thiết bị Điện Tử Việt Nam
NCC000087,CÔNG TY TNHH BẾP NHẬT MINH
CÔNG TY CỔ PHẦN G5 VIỆT NAM,CÔNG TY CỔ PHẦN G5 VIỆT NAM
Hoàng Sam,Hoàng Sam (Điện máy Hà Nội)
TCL,Huy Nghiêm TCL - Hương Thủy
NCC000097,Thành bếp Nhập khẩu Châu Âu
Thế giới Bêp (Bếp Đại Phong),Thế giới Bêp (Bếp Đại Phong)
NCC000090,Thừa kho chưa rõ nguyên nhân
NCC000084,NCC Phúc Nhật Minh ( Đức Nổ )
VŨ LINH ANY,VŨ LINH ANY ( Sanaky Alaska )
NCC000082,Anh Tài - Bosch Hafele Malloca
NCC000116,Công ty cổ phần XNK & TM Lê Gia
0312460468,CÔNG TY TNHH ĐIỆN MÁY GIA KHANG
Nguyễn Kim,"Nguyễn Kim - Anh Trung, anh Tâm"
0111122187,Đại lí Hoàng Loan - ĐM AN KHANG
CÔNG TY TNHH AZUKI INTERNATIONAL,CÔNG TY TNHH AZUKI INTERNATIONAL
0106152838,Thiết Bị Số - Điện tử Minh Thanh
NCC000094,NCC lẻ - NEW (từ 21.9 nhập vào đây)
Phụ kiện điện tử,Phụ kiện điện tử (phukiendientu.vn)
Duyên Thành Phát - ANH ĐỨC THÀNH PHÁT,Duyên Thành Phát - ANH ĐỨC THÀNH PHÁT
0108045687,Công Ty Cổ Phần Công Nghệ Kết Nối ALPHA
0900221322,CÔNG TY CP SẢN XUẤT VÀ THƯƠNG MẠI AN PHÁT
TTC,Công ty cổ phần đầu tư và dịch vụ thương mại TTC
NCC000149,Công ty TNHH Dich Vụ Đầu Tư Và Thương Mại Anh Đức
NCC000079,Công Ty TNHH Sản Xuất Tập Đoàn Đại Việt (MÁY LỌC NƯỚC)
